protein,A,C,D,E,F,G,H,I,K,L,M,N,P,Q,R,S,T,V,W,Y
COX1,0.041736227045075125,0.021702838063439065,0.04006677796327212,0.06010016694490818,0.0651085141903172,0.07512520868113523,0.03005008347245409,0.041736227045075125,0.041736227045075125,0.12353923205342238,0.03005008347245409,0.03171953255425709,0.07679465776293823,0.045075125208681135,0.05509181969949917,0.05509181969949917,0.05008347245409015,0.05342237061769616,0.01669449081803005,0.045075125208681135
COX2,0.05132450331125828,0.02152317880794702,0.04304635761589404,0.059602649006622516,0.06291390728476821,0.061258278145695365,0.03145695364238411,0.056291390728476824,0.056291390728476824,0.09437086092715231,0.024834437086092714,0.048013245033112585,0.06622516556291391,0.05132450331125828,0.04470198675496689,0.057947019867549666,0.056291390728476824,0.057947019867549666,0.009933774834437087,0.04470198675496689
